DoB,DoT,SEX,BMI,BP,TC,BGU,FDR,Target,Age,Risk,Risk%,FHRisk,CombRisk
1981-03-11,2024-03-08,-1,18.5,0.3764705882352941,0.6675,0.3658536585365853,0.4,90.0,43,795.5,0.31,0.62,0.35
2002-05-15,2024-05-06,-1,18.6,0.4941176470588235,0.5,0.4024390243902439,0.4,101.0,22,409.20000000000005,0.16,0.62,0.24
2001-06-21,2024-07-20,-1,18.8,0.2705882352941176,0.5,0.4390243902439024,0.4,85.0,23,432.40000000000003,0.17,0.62,0.26
1998-06-10,2024-07-20,-1,18.8,0.3294117647058823,0.75,0.2317073170731707,0.4,51.0,26,488.8,0.19,0.62,0.27
1991-01-22,2024-01-18,-1,18.9,0.1764705882352941,0.75,0.0975609756097561,0.0,72.0,33,623.6999999999999,0.24,0.15,0.17
2005-06-13,2024-10-20,-1,19.2,0.3764705882352941,0.5,0.4878048780487805,0.0,137.0,19,364.8,0.14,0.15,0.15
2002-04-22,2024-05-04,-1,19.3,0.3176470588235294,0.75,0.2560975609756097,0.0,134.0,22,424.6,0.17,0.15,0.16
1991-01-09,2024-01-18,-1,19.5,0.2941176470588235,0.5,0.3658536585365853,0.2,48.0,33,643.5,0.25,0.38,0.24
1988-06-08,2024-12-05,-1,19.6,0.188235294117647,0.75,0.5121951219512195,0.2,57.0,36,705.6,0.28,0.38,0.26
1988-06-08,2024-12-05,-1,19.6,0.188235294117647,0.75,0.5121951219512195,0.4,57.0,36,705.6,0.28,0.62,0.32
1997-04-07,2024-05-05,-1,19.6,0.2705882352941176,0.75,0.2560975609756097,0.4,142.0,27,529.2,0.21,0.62,0.28
1975-06-24,2024-08-22,-1,19.8,0.388235294117647,0.75,0.524390243902439,0.2,49.0,49,970.2,0.38,0.38,0.29
2002-05-13,2024-06-09,-1,19.9,0.2352941176470588,0.75,0.2682926829268293,0.2,158.0,22,437.79999999999995,0.17,0.38,0.2
1982-07-23,2024-09-22,-1,19.9,0.2470588235294117,0.75,0.3536585365853658,0.2,63.0,42,835.8,0.33,0.38,0.28
1976-05-08,2024-08-26,-1,19.9,0.4235294117647059,0.75,0.6219512195121951,0.4,48.0,48,955.1999999999999,0.37,0.62,0.4
1960-08-08,2024-11-09,-1,20.0,0.2314117647058823,0.7625,0.5,0.2,72.0,64,1280.0,0.5,0.38,0.35
2003-04-16,2024-06-15,-1,20.1,0.0941176470588235,0.75,0.4756097560975609,0.2,55.0,21,422.1,0.17,0.38,0.2
1983-04-18,2024-08-17,-1,20.2,0.0823529411764705,0.75,0.4756097560975609,0.4,77.0,41,828.1999999999999,0.32,0.62,0.36
1987-04-21,2024-06-28,-1,20.2,0.3058823529411765,0.75,0.4634146341463415,0.4,59.0,37,747.4,0.29,0.62,0.34
1976-04-11,2024-05-20,-1,20.2,0.4705882352941176,1.0,0.4268292682926829,0.4,79.0,48,969.5999999999999,0.38,0.62,0.41
1982-11-23,2024-12-16,-1,20.3,0.188235294117647,0.5,0.3780487804878049,0.2,59.0,42,852.6,0.33,0.38,0.28
1979-05-12,2024-05-02,-1,20.3,0.2274117647058823,0.97,0.3536585365853658,0.2,96.0,45,913.5,0.36,0.38,0.29
1987-02-03,2024-02-17,-1,20.3,0.3294117647058823,1.25,0.4634146341463415,0.2,214.0,37,751.1,0.29,0.38,0.26
1975-05-22,2024-06-24,-1,20.3,0.4470588235294118,0.75,0.524390243902439,0.2,153.0,49,994.7,0.39,0.38,0.3
1989-06-09,2024-06-19,-1,20.4,0.1176470588235294,0.6975,0.3414634146341463,0.2,96.0,35,714.0,0.28,0.38,0.26
1976-06-11,2024-06-22,-1,20.4,0.5058823529411764,1.25,0.3414634146341463,0.0,83.0,48,979.1999999999999,0.38,0.15,0.2
1964-02-12,2024-02-09,-1,20.4,0.5882352941176471,0.5,0.3536585365853658,0.0,170.0,60,1224.0,0.48,0.15,0.21
1971-03-21,2024-04-16,-1,20.5,0.2705882352941176,0.75,0.3048780487804878,0.4,65.0,53,1086.5,0.43,0.62,0.44
1983-02-10,2024-02-01,-1,20.5,0.2941176470588235,0.5,0.3048780487804878,0.2,37.0,41,840.5,0.33,0.38,0.28
1978-04-22,2024-05-19,-1,20.6,0.2117647058823529,0.75,0.3658536585365853,0.0,53.0,46,947.6,0.37,0.15,0.2
1990-10-19,2024-12-01,-1,20.6,0.3764705882352941,0.75,0.2926829268292683,0.2,115.0,34,700.4000000000001,0.27,0.38,0.24
1957-04-11,2024-08-06,-1,20.7,0.3294117647058823,0.75,0.3292682926829268,0.0,89.0,67,1386.8999999999999,0.54,0.15,0.22
2000-03-04,2024-04-26,-1,20.7,0.3764705882352941,0.5,0.3414634146341463,0.0,99.0,24,496.79999999999995,0.19,0.15,0.16
1983-09-01,2024-10-19,-1,20.8,0.3647058823529411,0.75,0.4756097560975609,0.4,72.0,41,852.8000000000001,0.33,0.62,0.36
1985-04-04,2024-05-12,-1,20.9,0.4705882352941176,0.5,0.5487804878048781,0.4,64.0,39,815.0999999999999,0.32,0.62,0.36
1994-01-08,2024-01-15,-1,20.9,0.5764705882352941,0.75,0.573170731707317,0.4,86.0,30,627.0,0.25,0.62,0.31
1995-05-04,2024-07-26,-1,21.0,0.188235294117647,1.0,0.4878048780487805,0.0,162.0,29,609.0,0.24,0.15,0.17
1970-02-17,2024-02-25,-1,21.0,0.2705882352941176,0.75,0.2804878048780488,0.4,63.0,54,1134.0,0.44,0.62,0.44
1974-08-10,2024-12-28,-1,21.0,0.388235294117647,1.0,0.2560975609756097,0.2,252.0,50,1050.0,0.41,0.38,0.31
1960-07-21,2024-07-15,-1,21.0,0.4391764705882353,0.8725,0.6341463414634146,0.0,158.0,64,1344.0,0.53,0.15,0.22
1978-06-13,2024-08-25,-1,21.1,0.2941176470588235,1.25,0.4512195121951219,0.0,183.0,46,970.6,0.38,0.15,0.2
1989-03-18,2024-03-08,-1,21.1,0.3176470588235294,0.75,0.5487804878048781,0.0,68.0,35,738.5,0.29,0.15,0.17
1990-09-27,2024-12-23,-1,21.2,0.3411764705882353,1.25,0.5121951219512195,0.0,109.0,34,720.8,0.28,0.15,0.17
1986-05-19,2024-08-25,-1,21.3,0.2,0.5,0.4878048780487805,0.0,60.0,38,809.4,0.32,0.15,0.18
1981-07-06,2024-11-23,-1,21.3,0.2823529411764706,0.75,0.4878048780487805,0.2,42.0,43,915.9,0.36,0.38,0.29
1994-05-26,2024-06-17,-1,21.3,0.3764705882352941,0.5,0.1951219512195122,0.4,143.0,30,639.0,0.25,0.62,0.31
1980-03-08,2024-04-22,-1,21.5,0.3529411764705882,0.75,0.4146341463414634,0.4,181.0,44,946.0,0.37,0.62,0.4
1976-03-04,2024-04-10,-1,21.6,0.3764705882352941,0.75,0.2317073170731707,0.0,75.0,48,1036.8000000000002,0.41,0.15,0.2
1967-08-09,2024-12-15,-1,21.7,0.4588235294117647,0.5,0.5121951219512195,0.0,87.0,57,1236.8999999999999,0.48,0.15,0.21
1987-05-09,2024-05-26,-1,21.8,0.3411764705882353,0.75,0.524390243902439,0.2,128.0,37,806.6,0.32,0.38,0.27
1988-05-16,2024-09-28,-1,21.9,0.4,0.75,0.5609756097560976,0.0,111.0,36,788.4,0.31,0.15,0.18
1974-01-10,2024-01-05,-1,21.9,0.4235294117647059,0.75,0.3292682926829268,0.2,96.0,50,1095.0,0.43,0.38,0.31
1971-06-05,2024-10-03,-1,22.0,0.4588235294117647,0.75,0.5853658536585366,0.4,200.0,53,1166.0,0.46,0.62,0.46
1981-06-09,2024-09-28,-1,22.1,0.1294117647058823,0.75,0.3658536585365853,0.0,74.0,43,950.3000000000001,0.37,0.15,0.2
1996-07-26,2024-07-14,-1,22.1,0.3176470588235294,0.75,0.4390243902439024,0.2,69.0,28,618.8000000000001,0.24,0.38,0.23
1982-10-07,2024-12-01,-1,22.1,0.3529411764705882,1.0,0.5365853658536586,0.4,72.0,42,928.2,0.36,0.62,0.38
1975-05-21,2024-07-27,-1,22.1,0.3529411764705882,0.5475,0.2682926829268293,0.4,114.0,49,1082.9,0.42,0.62,0.43
1971-09-28,2024-11-01,-1,22.1,0.4470588235294118,0.75,0.5609756097560976,0.0,178.0,53,1171.3000000000002,0.46,0.15,0.21
1971-03-26,2024-03-15,-1,22.2,0.2705882352941176,0.5,0.6219512195121951,0.2,93.0,53,1176.6,0.46,0.38,0.32
1964-05-13,2024-07-19,-1,22.2,0.5843529411764706,0.92,0.524390243902439,0.0,90.0,60,1332.0,0.52,0.15,0.22
1962-05-28,2024-09-27,-1,22.4,0.2823529411764706,1.0,0.3170731707317073,0.0,64.0,62,1388.8,0.54,0.15,0.22
2000-04-23,2024-06-13,-1,22.5,0.4,0.75,0.4146341463414634,0.2,185.0,24,540.0,0.21,0.38,0.22
1962-02-09,2024-02-15,-1,22.5,0.8235294117647058,0.5,0.5487804878048781,0.4,103.0,62,1395.0,0.55,0.62,0.52
1997-08-07,2024-10-26,-1,22.6,0.188235294117647,0.5,0.3536585365853658,0.4,152.0,27,610.2,0.24,0.62,0.3
2001-05-14,2024-09-26,-1,22.6,0.4,0.5,0.2195121951219512,0.4,97.0,23,519.8000000000001,0.2,0.62,0.27
1970-04-26,2024-06-03,-1,22.6,0.4117647058823529,0.75,0.5121951219512195,0.2,72.0,54,1220.4,0.48,0.38,0.34
1975-03-21,2024-03-16,-1,22.7,0.1215294117647058,0.6775,0.1219512195121951,0.0,65.0,49,1112.3,0.44,0.15,0.21
1988-02-13,2024-02-06,-1,22.8,0.3764705882352941,1.0,0.3902439024390244,0.2,93.0,36,820.8000000000001,0.32,0.38,0.27
1957-03-13,2024-03-02,-1,22.8,0.3764705882352941,0.75,0.5121951219512195,0.4,127.0,67,1527.6000000000001,0.6,0.62,0.56
1966-04-23,2024-06-27,-1,22.8,0.4235294117647059,1.0,0.7926829268292683,0.0,206.0,58,1322.4,0.52,0.15,0.22
1976-01-14,2024-02-24,-1,22.8,0.5411764705882353,0.5,0.573170731707317,0.0,40.0,48,1094.4,0.43,0.15,0.2
1985-06-03,2024-10-02,-1,22.9,0.2588235294117647,1.0,0.2926829268292683,0.4,128.0,39,893.0999999999999,0.35,0.62,0.38
2004-07-09,2024-09-23,-1,22.9,0.3764705882352941,1.0,0.4268292682926829,0.4,113.0,20,458.0,0.18,0.62,0.26
2002-05-13,2024-07-20,-1,23.0,0.2117647058823529,0.75,0.5,0.0,200.0,22,506.0,0.2,0.15,0.16
1969-03-23,2024-04-09,-1,23.0,0.4667058823529412,1.25,0.6829268292682927,0.2,146.0,55,1265.0,0.5,0.38,0.35
1974-07-14,2024-11-14,-1,23.0,0.5411764705882353,1.0,0.3658536585365853,0.4,135.0,50,1150.0,0.45,0.62,0.45
1972-04-14,2024-08-13,-1,23.0,0.611764705882353,1.0525,0.524390243902439,0.0,50.0,52,1196.0,0.47,0.15,0.21
1983-07-07,2024-09-11,-1,23.1,0.3647058823529411,0.75,0.1219512195121951,0.4,125.0,41,947.1,0.37,0.62,0.4
1980-03-13,2024-03-25,-1,23.1,0.3764705882352941,0.75,0.2682926829268293,0.4,52.0,44,1016.4000000000001,0.4,0.62,0.42
2005-07-26,2024-11-11,-1,23.2,0.2352941176470588,0.75,0.2682926829268293,0.4,140.0,19,440.8,0.17,0.62,0.26
1970-04-02,2024-06-18,-1,23.2,0.6549411764705882,1.24,0.7073170731707317,0.4,190.0,54,1252.8,0.49,0.62,0.48
1993-04-22,2024-04-25,-1,23.3,0.3529411764705882,1.0,0.3292682926829268,0.2,214.0,31,722.3000000000001,0.28,0.38,0.26
1967-05-21,2024-05-12,-1,23.3,0.388235294117647,0.5,0.3414634146341463,0.2,65.0,57,1328.1000000000001,0.52,0.38,0.36
1987-08-18,2024-09-20,-1,23.3,0.388235294117647,0.85,0.3902439024390244,0.4,94.0,37,862.1,0.34,0.62,0.37
1964-09-17,2024-10-14,-1,23.4,0.2549411764705883,0.95,0.3292682926829268,0.0,78.0,60,1404.0,0.55,0.15,0.22
1973-09-26,2024-12-16,-1,23.4,0.3764705882352941,0.5,0.3902439024390244,0.0,87.0,51,1193.3999999999999,0.47,0.15,0.21
1973-03-16,2024-04-27,-1,23.5,0.5411764705882353,1.0,0.5365853658536586,0.4,154.0,51,1198.5,0.47,0.62,0.46
1971-06-07,2024-06-23,-1,23.7,0.4352941176470588,0.75,0.3780487804878049,0.4,179.0,53,1256.1,0.49,0.62,0.48
1976-06-18,2024-06-02,-1,23.9,0.6352941176470588,1.5,0.5609756097560976,0.2,152.0,48,1147.1999999999998,0.45,0.38,0.32
1972-03-02,2024-06-10,-1,24.0,0.3294117647058823,0.5,0.5365853658536586,0.0,98.0,52,1248.0,0.49,0.15,0.21
1963-01-08,2024-01-10,-1,24.0,0.4235294117647059,0.75,0.2804878048780488,0.2,118.0,61,1464.0,0.57,0.38,0.38
1973-04-20,2024-04-21,-1,24.1,0.3764705882352941,1.0,0.524390243902439,0.0,84.0,51,1229.1000000000001,0.48,0.15,0.21
1971-04-27,2024-04-11,-1,24.1,0.5882352941176471,1.0,0.5487804878048781,0.0,66.0,53,1277.3000000000002,0.5,0.15,0.22
1970-09-21,2024-11-23,-1,24.2,0.2235294117647059,0.5,0.7195121951219512,0.4,92.0,54,1306.8,0.51,0.62,0.5
2003-04-06,2024-07-13,-1,24.2,0.2470588235294117,0.75,0.3536585365853658,0.0,150.0,21,508.2,0.2,0.15,0.16
1979-04-19,2024-05-12,-1,24.2,0.3294117647058823,1.0,0.3902439024390244,0.4,64.0,45,1089.0,0.43,0.62,0.44
1996-04-17,2024-04-07,-1,24.2,0.4470588235294118,0.75,0.4146341463414634,0.4,144.0,28,677.6,0.27,0.62,0.32
1973-03-27,2024-06-11,-1,24.3,0.3568235294117647,0.5375,0.3902439024390244,0.2,84.0,51,1239.3,0.49,0.38,0.35
1961-03-15,2024-03-18,-1,24.4,0.2117647058823529,0.75,0.3414634146341463,0.2,131.0,63,1537.1999999999998,0.6,0.38,0.4
1959-07-25,2024-11-15,-1,24.4,0.7647058823529411,1.5,0.902439024390244,0.2,281.0,65,1586.0,0.62,0.38,0.41
1973-04-03,2024-08-26,-1,24.5,0.2823529411764706,0.75,0.5,0.0,97.0,51,1249.5,0.49,0.15,0.21
1972-03-01,2024-03-22,-1,24.5,0.4117647058823529,1.75,0.4390243902439024,0.2,233.0,52,1274.0,0.5,0.38,0.35
1967-02-18,2024-02-12,-1,24.5,0.4470588235294118,0.75,0.5,0.0,148.0,57,1396.5,0.55,0.15,0.22
1963-09-26,2024-12-22,-1,24.6,0.5411764705882353,0.75,0.4634146341463415,0.4,214.0,61,1500.6000000000001,0.59,0.62,0.56
1983-03-02,2024-05-13,-1,24.7,0.3294117647058823,0.75,0.3414634146341463,0.6,168.0,41,1012.6999999999999,0.4,0.85,0.52
1997-05-21,2024-07-20,-1,24.8,0.4235294117647059,0.75,0.2317073170731707,0.0,90.0,27,669.6,0.26,0.15,0.17
1982-09-08,2024-11-04,-1,24.9,0.4235294117647059,1.25,0.4756097560975609,0.0,151.0,42,1045.8,0.41,0.15,0.2
1978-05-05,2024-07-10,-1,24.9,0.7058823529411765,1.0,0.6463414634146342,0.4,104.0,46,1145.3999999999999,0.45,0.62,0.45
1980-05-16,2024-08-05,-1,25.1,0.9176470588235294,0.75,0.4146341463414634,0.4,216.0,44,1104.4,0.43,0.62,0.44
1990-06-19,2024-08-15,-1,25.2,0.2588235294117647,1.0,0.3536585365853658,0.2,160.0,34,856.8,0.34,0.38,0.28
1973-02-11,2024-03-22,-1,25.2,0.5647058823529412,1.25,0.4878048780487805,0.2,292.0,51,1285.2,0.5,0.38,0.35
2005-01-22,2024-01-01,-1,25.3,0.3294117647058823,1.25,0.4146341463414634,0.2,200.0,19,480.7,0.19,0.38,0.21
2000-03-19,2024-04-02,-1,25.3,0.3411764705882353,1.25,0.4756097560975609,0.4,206.0,24,607.2,0.24,0.62,0.3
1991-06-26,2024-06-16,-1,25.3,0.3529411764705882,0.75,0.2439024390243902,0.4,190.0,33,834.9,0.33,0.62,0.36
1986-08-13,2024-12-02,-1,25.4,0.3411764705882353,1.0,0.4512195121951219,0.0,97.0,38,965.1999999999999,0.38,0.15,0.2
1996-08-04,2024-09-19,-1,25.4,0.4470588235294118,0.75,0.5,0.2,168.0,28,711.1999999999999,0.28,0.38,0.26
1980-07-26,2024-10-18,-1,25.4,0.4705882352941176,0.75,0.4024390243902439,0.0,25.0,44,1117.6,0.44,0.15,0.21
1990-07-26,2024-09-21,-1,25.5,0.4470588235294118,1.0,0.4634146341463415,0.4,59.0,34,867.0,0.34,0.62,0.37
1975-01-21,2024-01-06,-1,25.6,0.2470588235294117,0.75,0.3414634146341463,0.2,31.0,49,1254.4,0.49,0.38,0.35
1964-02-17,2024-03-25,-1,25.6,0.2705882352941176,0.5,0.4512195121951219,0.0,39.0,60,1536.0,0.6,0.15,0.23
1964-05-02,2024-09-07,-1,25.6,0.3764705882352941,0.75,0.4146341463414634,0.0,81.0,60,1536.0,0.6,0.15,0.23
1968-03-11,2024-04-15,-1,25.7,0.2941176470588235,1.0,0.5487804878048781,0.2,95.0,56,1439.2,0.56,0.38,0.37
1966-05-01,2024-10-25,-1,25.7,0.5176470588235295,0.75,0.524390243902439,0.2,155.0,58,1490.6,0.58,0.38,0.38
1964-07-01,2024-08-18,-1,25.7,0.5647058823529412,0.5,0.573170731707317,0.0,182.0,60,1542.0,0.6,0.15,0.23
1963-01-10,2024-01-05,-1,25.8,0.4117647058823529,1.25,0.4878048780487805,0.2,219.0,61,1573.8,0.62,0.38,0.41
1963-10-04,2024-11-23,-1,25.8,0.5058823529411764,0.75,0.3902439024390244,0.4,134.0,61,1573.8,0.62,0.62,0.57
1956-04-26,2024-04-28,-1,25.9,0.4470588235294118,1.25,0.5853658536585366,0.2,230.0,68,1761.1999999999998,0.69,0.38,0.43
1995-10-24,2024-11-26,-1,26.0,0.3294117647058823,0.5,0.4024390243902439,0.2,61.0,29,754.0,0.3,0.38,0.26
1961-10-24,2024-11-10,-1,26.0,0.3608235294117647,0.8425,0.573170731707317,0.2,198.0,63,1638.0,0.64,0.38,0.41
1999-06-10,2024-09-07,-1,26.0,0.4352941176470588,0.75,0.4634146341463415,0.4,68.0,25,650.0,0.25,0.62,0.31
1975-07-18,2024-11-25,-1,26.0,0.4470588235294118,0.75,0.4634146341463415,0.4,88.0,49,1274.0,0.5,0.62,0.49
1974-10-21,2024-12-06,-1,26.1,0.6352941176470588,1.0,0.4756097560975609,0.4,141.0,50,1305.0,0.51,0.62,0.5
1959-03-19,2024-05-04,-1,26.3,0.1764705882352941,1.25,0.5853658536585366,0.4,115.0,65,1709.5,0.67,0.62,0.62
1990-03-01,2024-04-23,-1,26.3,0.3764705882352941,0.75,0.5609756097560976,0.0,113.0,34,894.2,0.35,0.15,0.18
1992-09-14,2024-10-18,-1,26.5,0.3647058823529411,1.0,0.3414634146341463,0.4,258.0,32,848.0,0.33,0.62,0.36
1971-03-09,2024-03-08,-1,26.5,0.4941176470588235,0.75,0.5975609756097561,0.0,49.0,53,1404.5,0.55,0.15,0.22
1957-09-13,2024-11-11,-1,26.7,0.5882352941176471,0.75,0.5609756097560976,0.0,73.0,67,1788.8999999999999,0.7,0.15,0.24
1970-04-19,2024-05-24,-1,26.8,0.3764705882352941,0.75,0.3658536585365853,0.2,59.0,54,1447.2,0.57,0.38,0.38
1989-01-26,2024-01-08,-1,26.8,0.5058823529411764,1.0,0.4390243902439024,0.4,200.0,35,938.0,0.37,0.62,0.4
1970-09-01,2024-10-19,-1,26.8,0.6235294117647059,0.75,0.6829268292682927,0.4,191.0,54,1447.2,0.57,0.62,0.53
1981-05-18,2024-08-20,-1,26.8,0.8,0.75,0.5365853658536586,0.0,48.0,43,1152.4,0.45,0.15,0.21
1984-02-14,2024-02-11,-1,26.9,0.4352941176470588,0.75,0.3780487804878049,0.4,60.0,40,1076.0,0.42,0.62,0.43
1967-03-12,2024-04-02,-1,26.9,0.5058823529411764,1.75,0.5609756097560976,0.2,249.0,57,1533.3,0.6,0.38,0.4
1972-01-24,2024-02-12,-1,27.0,0.2744705882352941,0.7625,0.2317073170731707,0.0,182.0,52,1404.0,0.55,0.15,0.22
1951-06-03,2024-08-27,-1,27.0,0.5529411764705883,0.75,0.5975609756097561,0.2,109.0,73,1971.0,0.77,0.38,0.46
1968-04-16,2024-04-26,-1,27.0,0.5882352941176471,1.25,0.5365853658536586,0.4,67.0,56,1512.0,0.59,0.62,0.56
1977-06-01,2024-12-16,-1,27.2,0.2941176470588235,1.5,0.5121951219512195,0.4,174.0,48,1305.6,0.51,0.62,0.5
1986-11-08,2024-12-18,-1,27.3,0.3058823529411765,0.75,0.3780487804878049,0.2,210.0,38,1037.4,0.41,0.38,0.31
1978-07-16,2024-08-27,-1,27.4,0.2705882352941176,0.75,0.4878048780487805,0.4,276.0,46,1260.3999999999999,0.49,0.62,0.48
1956-07-28,2024-07-05,-1,27.5,0.611764705882353,1.0,0.4878048780487805,0.0,143.0,68,1870.0,0.73,0.15,0.26
1973-06-22,2024-07-05,-1,27.7,0.5176470588235295,0.75,0.3292682926829268,0.4,191.0,51,1412.7,0.55,0.62,0.52
1972-07-08,2024-08-04,-1,27.8,0.3529411764705882,1.0,0.3048780487804878,0.4,242.0,52,1445.6000000000001,0.57,0.62,0.53
1973-08-27,2024-12-18,-1,27.9,0.4823529411764706,1.25,0.8536585365853658,0.2,268.0,51,1422.8999999999999,0.56,0.38,0.37
1971-09-23,2024-10-07,-1,28.0,0.388235294117647,1.0,0.5,0.4,128.0,53,1484.0,0.58,0.62,0.55
1958-04-18,2024-07-25,-1,28.0,0.5411764705882353,1.25,0.5365853658536586,0.4,173.0,66,1848.0,0.72,0.62,0.65
1966-03-12,2024-04-24,-1,28.1,0.6588235294117647,1.5,0.524390243902439,0.4,273.0,58,1629.8000000000002,0.64,0.62,0.59
1955-07-22,2024-11-23,-1,28.1,0.6823529411764706,1.0,0.3292682926829268,0.2,248.0,69,1938.9,0.76,0.38,0.46
1981-04-28,2024-06-05,-1,28.1,0.7764705882352941,0.75,0.524390243902439,0.0,113.0,43,1208.3,0.47,0.15,0.21
1969-04-04,2024-06-06,-1,28.2,0.4235294117647059,1.0,0.6463414634146342,0.2,262.0,55,1551.0,0.61,0.38,0.4
1999-07-13,2024-11-18,-1,28.3,0.3764705882352941,1.0,0.5121951219512195,0.0,246.0,25,707.5,0.28,0.15,0.17
1971-05-02,2024-05-26,-1,28.3,0.5411764705882353,1.0,0.6219512195121951,0.4,281.0,53,1499.9,0.59,0.62,0.56
1972-08-17,2024-09-22,-1,28.5,0.6470588235294118,0.75,0.4268292682926829,0.4,265.0,52,1482.0,0.58,0.62,0.55
1971-03-21,2024-04-11,-1,28.6,0.388235294117647,1.0,0.5975609756097561,0.2,265.0,53,1515.8000000000002,0.59,0.38,0.38
1977-07-11,2024-07-26,-1,28.6,0.4941176470588235,0.75,0.4634146341463415,0.2,121.0,47,1344.2,0.53,0.38,0.36
1989-03-25,2024-03-28,-1,28.7,0.4941176470588235,0.75,0.524390243902439,0.2,182.0,35,1004.5,0.39,0.38,0.3
1971-07-23,2024-10-01,-1,28.8,0.6667058823529411,0.7875,0.4268292682926829,0.0,52.0,53,1526.4,0.6,0.15,0.23
1972-09-11,2024-11-13,-1,28.8,0.6823529411764706,1.0,0.4390243902439024,0.2,283.0,52,1497.6000000000001,0.59,0.38,0.38
1962-02-21,2024-02-21,-1,28.9,0.3803529411764705,1.56,0.5975609756097561,0.4,225.0,62,1791.8,0.7,0.62,0.63
2001-07-04,2024-10-21,-1,29.0,0.4117647058823529,0.75,0.5,0.4,302.0,23,667.0,0.26,0.62,0.31
1990-07-22,2024-09-23,-1,29.2,0.2117647058823529,1.0,0.5,0.2,172.0,34,992.8,0.39,0.38,0.3
1982-05-03,2024-10-06,-1,29.2,0.4470588235294118,1.5,0.5121951219512195,0.2,122.0,42,1226.3999999999999,0.48,0.38,0.34
1955-01-18,2024-01-14,-1,29.3,0.8117647058823529,1.0,0.6341463414634146,0.4,296.0,69,2021.7,0.79,0.62,0.7
1953-04-19,2024-06-09,-1,29.5,0.4941176470588235,1.25,0.7073170731707317,0.2,150.0,71,2094.5,0.82,0.38,0.49
1972-08-12,2024-11-21,-1,29.5,0.5803529411764705,1.0775,0.5853658536585366,0.2,198.0,52,1534.0,0.6,0.38,0.4
1976-04-02,2024-07-14,-1,29.5,0.8941176470588236,1.0,0.6829268292682927,0.0,270.0,48,1416.0,0.55,0.15,0.22
1955-07-04,2024-12-10,-1,29.6,0.788235294117647,1.0,0.4390243902439024,0.0,236.0,69,2042.4,0.8,0.15,0.27
1993-03-15,2024-04-13,-1,29.7,0.388235294117647,1.0,0.3414634146341463,0.2,184.0,31,920.6999999999999,0.36,0.38,0.29
1957-05-11,2024-08-08,-1,29.8,0.2941176470588235,0.75,0.3902439024390244,0.0,90.0,67,1996.6000000000001,0.78,0.15,0.27
1950-08-25,2024-12-10,-1,29.8,0.5411764705882353,0.75,0.4390243902439024,0.4,70.0,74,2205.2000000000003,0.86,0.62,0.74
1978-02-22,2024-02-28,-1,29.9,0.3294117647058823,1.125,0.5853658536585366,0.4,167.0,46,1375.3999999999999,0.54,0.62,0.51
1995-07-26,2024-07-25,-1,30.0,0.3529411764705882,1.0,0.4634146341463415,0.4,310.0,29,870.0,0.34,0.62,0.37
1988-01-10,2024-01-01,-1,30.0,0.4705882352941176,1.1975,0.4268292682926829,0.0,220.0,36,1080.0,0.42,0.15,0.2
1963-05-12,2024-06-03,-1,30.0,0.6235294117647059,0.9325,0.6707317073170732,0.2,246.0,61,1830.0,0.72,0.38,0.44
1949-07-11,2024-10-14,-1,30.1,0.2705882352941176,1.2625,0.573170731707317,0.2,180.0,75,2257.5,0.88,0.38,0.51
1982-01-18,2024-01-06,-1,30.1,0.4235294117647059,1.0,0.3902439024390244,0.2,147.0,42,1264.2,0.5,0.38,0.35
1967-06-20,2024-07-04,-1,30.1,0.7294117647058823,1.25,0.8536585365853658,0.0,155.0,57,1715.7,0.67,0.15,0.24
1987-07-08,2024-09-13,-1,30.2,0.3764705882352941,1.0375,0.4512195121951219,0.0,52.0,37,1117.3999999999999,0.44,0.15,0.21
1977-04-20,2024-08-07,-1,30.3,0.6352941176470588,0.75,0.5853658536585366,0.0,166.0,47,1424.1000000000001,0.56,0.15,0.22
1996-03-01,2024-03-14,-1,30.4,0.3529411764705882,0.75,0.3658536585365853,0.0,103.0,28,851.1999999999999,0.33,0.15,0.18
1977-09-27,2024-11-25,-1,30.4,0.7647058823529411,1.0,0.4512195121951219,0.4,195.0,47,1428.8,0.56,0.62,0.53
1992-02-16,2024-02-12,-1,30.5,0.4,0.75,0.4756097560975609,0.4,129.0,32,976.0,0.38,0.62,0.41
1973-04-12,2024-05-26,-1,30.6,0.5647058823529412,0.75,0.6097560975609756,0.2,202.0,51,1560.6000000000001,0.61,0.38,0.4
1982-07-05,2024-08-02,-1,30.6,0.7764705882352941,0.75,0.4756097560975609,0.0,175.0,42,1285.2,0.5,0.15,0.22
1984-05-02,2024-05-08,-1,30.7,0.5176470588235295,1.0,0.4268292682926829,0.4,99.0,40,1228.0,0.48,0.62,0.48
1983-04-07,2024-05-06,-1,30.8,0.3058823529411765,1.9,0.8902439024390244,0.2,317.0,41,1262.8,0.49,0.38,0.35
1987-05-12,2024-08-20,-1,30.8,0.6705882352941176,1.75,0.6219512195121951,0.0,258.0,37,1139.6000000000001,0.45,0.15,0.21
1968-03-04,2024-03-04,-1,31.0,0.2784705882352941,1.375,0.4878048780487805,0.2,144.0,56,1736.0,0.68,0.38,0.43
1974-04-07,2024-06-24,-1,31.0,0.8,1.0,0.4634146341463415,0.2,280.0,50,1550.0,0.61,0.38,0.4
1963-06-23,2024-12-14,-1,31.2,0.2823529411764706,1.25,0.5609756097560976,0.2,164.0,61,1903.2,0.75,0.38,0.46
1949-08-10,2024-12-10,-1,31.2,0.7372941176470589,1.975,0.6829268292682927,0.0,230.0,75,2340.0,0.92,0.15,0.29
1976-01-18,2024-01-21,-1,31.4,0.2391764705882352,1.5925,0.6463414634146342,0.2,192.0,48,1507.1999999999998,0.59,0.38,0.38
1990-02-03,2024-02-18,-1,31.4,0.3764705882352941,0.75,0.3292682926829268,0.4,142.0,34,1067.6,0.42,0.62,0.43
1980-09-18,2024-10-08,-1,31.4,0.7058823529411765,0.75,0.4756097560975609,0.2,293.0,44,1381.6,0.54,0.38,0.37
1973-06-25,2024-06-23,-1,31.5,0.4470588235294118,1.175,0.8170731707317073,0.0,173.0,51,1606.5,0.63,0.15,0.23
1977-03-28,2024-03-01,-1,31.6,0.3411764705882353,1.275,0.6707317073170732,0.2,272.0,47,1485.2,0.58,0.38,0.38
1957-02-17,2024-03-21,-1,31.6,0.7176470588235294,1.0,0.6097560975609756,0.2,303.0,67,2117.2000000000003,0.83,0.38,0.5
1974-04-17,2024-06-14,-1,31.8,0.3176470588235294,0.5,0.4268292682926829,0.2,136.0,50,1590.0,0.62,0.38,0.41
1974-03-25,2024-05-18,-1,31.9,0.2744705882352941,1.3625,0.4146341463414634,0.0,91.0,50,1595.0,0.62,0.15,0.23
1982-07-11,2024-09-27,-1,31.9,0.3294117647058823,0.75,0.6219512195121951,0.4,85.0,42,1339.8,0.52,0.62,0.5
1962-08-26,2024-10-23,-1,32.0,0.388235294117647,1.0,0.6097560975609756,0.0,132.0,62,1984.0,0.78,0.15,0.27
1979-06-17,2024-10-23,-1,32.0,0.6470588235294118,1.25,0.524390243902439,0.2,215.0,45,1440.0,0.56,0.38,0.37
1969-01-28,2024-01-22,-1,32.1,0.6470588235294118,1.0,0.4878048780487805,0.4,281.0,55,1765.5,0.69,0.62,0.63
1983-06-24,2024-11-04,-1,32.4,0.4588235294117647,0.75,0.3170731707317073,0.0,95.0,41,1328.3999999999999,0.52,0.15,0.22
1977-08-09,2024-09-28,-1,32.4,0.5882352941176471,1.0225,0.5975609756097561,0.0,109.0,47,1522.8,0.6,0.15,0.23
1986-07-26,2024-11-02,-1,32.6,0.2588235294117647,1.0,0.5609756097560976,0.0,78.0,38,1238.8,0.49,0.15,0.21
1976-06-23,2024-09-27,-1,32.7,0.4470588235294118,1.605,0.5,0.4,121.0,48,1569.6000000000001,0.61,0.62,0.57
1956-04-28,2024-06-11,-1,32.8,0.5961176470588235,1.2825,0.8170731707317073,0.2,220.0,68,2230.3999999999996,0.87,0.38,0.51
1969-09-09,2024-10-26,-1,32.9,0.5529411764705883,1.0,0.4756097560975609,0.2,288.0,55,1809.5,0.71,0.38,0.44
1990-06-03,2024-06-03,-1,33.0,0.2117647058823529,0.8725,0.5121951219512195,0.0,55.0,34,1122.0,0.44,0.15,0.21
1963-07-05,2024-08-28,-1,33.0,0.4705882352941176,0.75,0.2926829268292683,0.0,141.0,61,2013.0,0.79,0.15,0.27
1971-07-21,2024-09-28,-1,33.2,0.3255294117647059,1.01,0.6341463414634146,0.2,275.0,53,1759.6000000000001,0.69,0.38,0.43
1983-06-09,2024-10-26,-1,33.8,0.8038823529411765,1.04,0.6097560975609756,0.4,257.0,41,1385.8,0.54,0.62,0.51
1981-03-01,2024-04-06,-1,34.3,0.3411764705882353,2.0,0.6585365853658537,0.2,306.0,43,1474.8999999999999,0.58,0.38,0.38
1955-05-12,2024-05-23,-1,34.3,0.6823529411764706,1.0,0.7560975609756098,0.2,261.0,69,2366.7,0.93,0.38,0.53
1983-07-11,2024-12-25,-1,34.6,0.3803529411764705,1.25,0.7317073170731707,0.2,279.0,41,1418.6000000000001,0.56,0.38,0.37
1968-06-24,2024-07-01,-1,35.0,0.286235294117647,1.16,0.5609756097560976,0.4,140.0,56,1960.0,0.77,0.62,0.69
1991-03-06,2024-04-24,-1,35.0,0.4,1.19,0.6219512195121951,0.0,128.0,33,1155.0,0.45,0.15,0.21
1995-05-11,2024-09-02,-1,35.0,0.5097647058823529,1.02,0.5,0.2,200.0,29,1015.0,0.4,0.38,0.3
1981-02-25,2024-03-28,-1,35.4,0.4470588235294118,1.0,0.6219512195121951,0.0,275.0,43,1522.2,0.6,0.15,0.23
1967-02-27,2024-02-17,-1,36.1,0.7294117647058823,1.25,0.6097560975609756,0.2,270.0,57,2057.7000000000003,0.81,0.38,0.49
1969-01-21,2024-01-13,-1,36.6,0.6823529411764706,1.1575,0.573170731707317,0.4,258.0,55,2013.0,0.79,0.62,0.7
1955-04-06,2024-04-12,-1,37.0,0.5647058823529412,1.0,0.4878048780487805,0.4,237.0,69,2553.0,1.0,0.62,0.85
1987-06-13,2024-06-09,-1,38.3,0.6823529411764706,0.75,0.3536585365853658,0.0,259.0,37,1417.1,0.56,0.15,0.22
1989-08-19,2024-08-04,-1,41.3,0.3058823529411765,1.25,0.5365853658536586,0.6,346.0,35,1445.5,0.57,0.85,0.69
